[
  {
    "_id": "AWZPAfg50rkQl37xrvXw",
    "_type": "dashboard",
    "_source": {
      "title": "stocksight_dashboard",
      "hits": 0,
      "description": "",
      "panelsJSON": "[{\"col\":1,\"id\":\"AWZO7a1n0rkQl37xrvXK\",\"panelIndex\":1,\"row\":3,\"size_x\":3,\"size_y\":3,\"type\":\"visualization\"},{\"col\":9,\"id\":\"AWZO8wUR0rkQl37xrvXV\",\"panelIndex\":2,\"row\":3,\"size_x\":4,\"size_y\":3,\"type\":\"visualization\"},{\"col\":1,\"columns\":[\"author\",\"location\",\"message\",\"polarity\",\"subjectivity\",\"sentiment\"],\"id\":\"AWZO_6iv0rkQl37xrvXt\",\"panelIndex\":3,\"row\":6,\"size_x\":12,\"size_y\":4,\"sort\":[\"date\",\"desc\"],\"type\":\"search\"},{\"col\":1,\"id\":\"AWZW6DNS0rkQl37xrvcg\",\"panelIndex\":4,\"row\":10,\"size_x\":12,\"size_y\":4,\"type\":\"visualization\"},{\"col\":4,\"id\":\"AWZYOrcih4RzKn4w3M7J\",\"panelIndex\":5,\"row\":3,\"size_x\":5,\"size_y\":3,\"type\":\"visualization\"},{\"col\":1,\"id\":\"AWZY6Xtjh4RzKn4w3NXT\",\"panelIndex\":6,\"row\":1,\"size_x\":12,\"size_y\":2,\"type\":\"visualization\"}]",
      "optionsJSON": "{\"darkTheme\":true}",
      "uiStateJSON": "{\"P-2\":{\"vis\":{\"legendOpen\":true}},\"P-6\":{\"vis\":{\"defaultColors\":{\"0 - 1\":\"rgb(0,104,55)\"}}}}",
      "version": 1,
      "timeRestore": false,
      "kibanaSavedObjectMeta": {
        "searchSourceJSON": "{\"filter\":[{\"query\":{\"match_all\":{}}}],\"highlightAll\":true,\"version\":true}"
      }
    }
  },
  {
    "_id": "AWZO_6iv0rkQl37xrvXt",
    "_type": "search",
    "_source": {
      "title": "stocksight_savesearch",
      "description": "",
      "hits": 0,
      "columns": [
        "author",
        "location",
        "message",
        "polarity",
        "subjectivity",
        "sentiment"
      ],
      "sort": [
        "date",
        "desc"
      ],
      "version": 1,
      "kibanaSavedObjectMeta": {
        "searchSourceJSON": "{\"index\":\"stocksight\",\"highlightAll\":true,\"version\":true,\"query\":{\"match_all\":{}},\"filter\":[{\"meta\":{\"index\":\"stocksight\",\"negate\":false,\"disabled\":false,\"alias\":null,\"type\":\"phrase\",\"key\":\"_type\",\"value\":\"tweet\"},\"query\":{\"match\":{\"_type\":{\"query\":\"tweet\",\"type\":\"phrase\"}}},\"$state\":{\"store\":\"appState\"}}]}"
      }
    }
  },
  {
    "_id": "AWZY6Xtjh4RzKn4w3NXT",
    "_type": "visualization",
    "_source": {
      "title": "stocksight_polarity",
      "visState": "{\"title\":\"stocksight_polarity\",\"type\":\"metric\",\"params\":{\"addTooltip\":true,\"addLegend\":false,\"type\":\"gauge\",\"gauge\":{\"verticalSplit\":false,\"autoExtend\":false,\"percentageMode\":false,\"gaugeType\":\"Metric\",\"gaugeStyle\":\"Full\",\"backStyle\":\"Full\",\"orientation\":\"vertical\",\"colorSchema\":\"Green to Red\",\"gaugeColorMode\":\"None\",\"useRange\":false,\"colorsRange\":[{\"from\":0,\"to\":1}],\"invertColors\":false,\"labels\":{\"show\":true,\"color\":\"black\"},\"scale\":{\"show\":false,\"labels\":false,\"color\":\"#333\",\"width\":2},\"type\":\"simple\",\"style\":{\"fontSize\":\"24\",\"bgColor\":false,\"labelColor\":false,\"subText\":\"\"},\"extendRange\":false}},\"aggs\":[{\"id\":\"5\",\"enabled\":true,\"type\":\"count\",\"schema\":\"metric\",\"params\":{}},{\"id\":\"1\",\"enabled\":true,\"type\":\"avg\",\"schema\":\"metric\",\"params\":{\"field\":\"polarity\"}},{\"id\":\"4\",\"enabled\":true,\"type\":\"median\",\"schema\":\"metric\",\"params\":{\"field\":\"polarity\",\"percents\":[50]}},{\"id\":\"2\",\"enabled\":true,\"type\":\"min\",\"schema\":\"metric\",\"params\":{\"field\":\"polarity\"}},{\"id\":\"3\",\"enabled\":true,\"type\":\"max\",\"schema\":\"metric\",\"params\":{\"field\":\"polarity\"}}],\"listeners\":{}}",
      "uiStateJSON": "{\"vis\":{\"defaultColors\":{\"0 - 1\":\"rgb(0,104,55)\"}}}",
      "description": "",
      "version": 1,
      "kibanaSavedObjectMeta": {
        "searchSourceJSON": "{\"index\":\"stocksight\",\"query\":{\"match_all\":{}},\"filter\":[]}"
      }
    }
  },
  {
    "_id": "AWZO7a1n0rkQl37xrvXK",
    "_type": "visualization",
    "_source": {
      "title": "stocksight_sentinel",
      "visState": "{\"title\":\"stocksight_sentinel\",\"type\":\"pie\",\"params\":{\"addLegend\":true,\"addTooltip\":true,\"isDonut\":false,\"legendPosition\":\"bottom\",\"type\":\"pie\"},\"aggs\":[{\"id\":\"1\",\"enabled\":true,\"type\":\"count\",\"schema\":\"metric\",\"params\":{}},{\"id\":\"2\",\"enabled\":true,\"type\":\"terms\",\"schema\":\"segment\",\"params\":{\"field\":\"sentiment.keyword\",\"size\":5,\"order\":\"desc\",\"orderBy\":\"1\"}}],\"listeners\":{}}",
      "uiStateJSON": "{}",
      "description": "",
      "version": 1,
      "kibanaSavedObjectMeta": {
        "searchSourceJSON": "{\"index\":\"stocksight\",\"query\":{\"match_all\":{}},\"filter\":[]}"
      }
    }
  },
  {
    "_id": "AWZYOrcih4RzKn4w3M7J",
    "_type": "visualization",
    "_source": {
      "title": "stocksight_stockprice",
      "visState": "{\"title\":\"stocksight_stockprice\",\"type\":\"line\",\"params\":{\"grid\":{\"categoryLines\":false,\"style\":{\"color\":\"#eee\"}},\"categoryAxes\":[{\"id\":\"CategoryAxis-1\",\"type\":\"category\",\"position\":\"bottom\",\"show\":true,\"style\":{},\"scale\":{\"type\":\"linear\"},\"labels\":{\"show\":true,\"truncate\":100},\"title\":{\"text\":\"date per 30 seconds\"}}],\"valueAxes\":[{\"id\":\"ValueAxis-1\",\"name\":\"LeftAxis-1\",\"type\":\"value\",\"position\":\"left\",\"show\":true,\"style\":{},\"scale\":{\"type\":\"linear\",\"mode\":\"normal\"},\"labels\":{\"show\":true,\"rotate\":0,\"filter\":false,\"truncate\":100},\"title\":{\"text\":\"Sum of price_last\"}}],\"seriesParams\":[{\"show\":\"true\",\"type\":\"line\",\"mode\":\"normal\",\"data\":{\"label\":\"Sum of price_last\",\"id\":\"1\"},\"valueAxis\":\"ValueAxis-1\",\"drawLinesBetweenPoints\":true,\"showCircles\":true},{\"show\":true,\"mode\":\"normal\",\"type\":\"line\",\"drawLinesBetweenPoints\":true,\"showCircles\":true,\"data\":{\"id\":\"3\",\"label\":\"Sum of price_high\"},\"valueAxis\":\"ValueAxis-1\"},{\"show\":true,\"mode\":\"normal\",\"type\":\"line\",\"drawLinesBetweenPoints\":true,\"showCircles\":true,\"data\":{\"id\":\"4\",\"label\":\"Sum of price_low\"},\"valueAxis\":\"ValueAxis-1\"}],\"addTooltip\":true,\"addLegend\":true,\"legendPosition\":\"bottom\",\"times\":[],\"addTimeMarker\":false,\"type\":\"line\"},\"aggs\":[{\"id\":\"1\",\"enabled\":true,\"type\":\"sum\",\"schema\":\"metric\",\"params\":{\"field\":\"price_last\"}},{\"id\":\"2\",\"enabled\":true,\"type\":\"date_histogram\",\"schema\":\"segment\",\"params\":{\"field\":\"date\",\"interval\":\"auto\",\"customInterval\":\"2h\",\"min_doc_count\":1,\"extended_bounds\":{}}},{\"id\":\"3\",\"enabled\":true,\"type\":\"sum\",\"schema\":\"metric\",\"params\":{\"field\":\"price_high\"}},{\"id\":\"4\",\"enabled\":true,\"type\":\"sum\",\"schema\":\"metric\",\"params\":{\"field\":\"price_low\"}}],\"listeners\":{}}",
      "uiStateJSON": "{}",
      "description": "",
      "version": 1,
      "kibanaSavedObjectMeta": {
        "searchSourceJSON": "{\"index\":\"stocksight\",\"query\":{\"match_all\":{}},\"filter\":[{\"meta\":{\"index\":\"stocksight\",\"negate\":false,\"disabled\":false,\"alias\":null,\"type\":\"phrase\",\"key\":\"_type\",\"value\":\"stock\"},\"query\":{\"match\":{\"_type\":{\"query\":\"stock\",\"type\":\"phrase\"}}},\"$state\":{\"store\":\"appState\"}}]}"
      }
    }
  },
  {
    "_id": "AWZO8wUR0rkQl37xrvXV",
    "_type": "visualization",
    "_source": {
      "title": "stocksight_tweets",
      "visState": "{\"title\":\"stocksight_tweets\",\"type\":\"line\",\"params\":{\"grid\":{\"categoryLines\":false,\"style\":{\"color\":\"#eee\"}},\"categoryAxes\":[{\"id\":\"CategoryAxis-1\",\"type\":\"category\",\"position\":\"bottom\",\"show\":true,\"style\":{},\"scale\":{\"type\":\"linear\"},\"labels\":{\"show\":true,\"truncate\":100},\"title\":{\"text\":\"date per 30 seconds\"}}],\"valueAxes\":[{\"id\":\"ValueAxis-1\",\"name\":\"LeftAxis-1\",\"type\":\"value\",\"position\":\"left\",\"show\":true,\"style\":{},\"scale\":{\"type\":\"linear\",\"mode\":\"normal\"},\"labels\":{\"show\":true,\"rotate\":0,\"filter\":false,\"truncate\":100},\"title\":{\"text\":\"Count\"}}],\"seriesParams\":[{\"show\":\"true\",\"type\":\"line\",\"mode\":\"normal\",\"data\":{\"label\":\"Count\",\"id\":\"1\"},\"valueAxis\":\"ValueAxis-1\",\"drawLinesBetweenPoints\":true,\"showCircles\":true,\"interpolate\":\"linear\"}],\"addTooltip\":true,\"addLegend\":true,\"legendPosition\":\"bottom\",\"times\":[],\"addTimeMarker\":false,\"type\":\"line\"},\"aggs\":[{\"id\":\"1\",\"enabled\":true,\"type\":\"count\",\"schema\":\"metric\",\"params\":{\"customLabel\":\"\"}},{\"id\":\"2\",\"enabled\":true,\"type\":\"date_histogram\",\"schema\":\"segment\",\"params\":{\"field\":\"date\",\"interval\":\"auto\",\"customInterval\":\"2h\",\"min_doc_count\":1,\"extended_bounds\":{}}}],\"listeners\":{}}",
      "uiStateJSON": "{}",
      "description": "",
      "version": 1,
      "kibanaSavedObjectMeta": {
        "searchSourceJSON": "{\"index\":\"stocksight\",\"query\":{\"match_all\":{}},\"filter\":[]}"
      }
    }
  },
  {
    "_id": "AWZW6DNS0rkQl37xrvcg",
    "_type": "visualization",
    "_source": {
      "title": "stocksight_wordcloud",
      "visState": "{\n  \"title\": \"stocksight_wordcloud\",\n  \"type\": \"tagcloud\",\n  \"params\": {\n    \"scale\": \"linear\",\n    \"orientation\": \"single\",\n    \"minFontSize\": 14,\n    \"maxFontSize\": 36,\n    \"type\": \"tagcloud\"\n  },\n  \"aggs\": [\n    {\n      \"id\": \"1\",\n      \"enabled\": true,\n      \"type\": \"count\",\n      \"schema\": \"metric\",\n      \"params\": {}\n    },\n    {\n      \"id\": \"2\",\n      \"enabled\": true,\n      \"type\": \"terms\",\n      \"schema\": \"segment\",\n      \"params\": {\n        \"field\": \"message.keyword\",\n        \"size\": 25,\n        \"order\": \"desc\",\n        \"orderBy\": \"1\"\n      }\n    }\n  ],\n  \"listeners\": {}\n}",
      "uiStateJSON": "{}",
      "description": "",
      "version": 1,
      "kibanaSavedObjectMeta": {
        "searchSourceJSON": "{\n  \"index\": \"stocksight\",\n  \"query\": {\n    \"match_all\": {}\n  },\n  \"filter\": []\n}"
      }
    }
  }
]